[
  {
    "type":"頭部防具",
    "name":"麒麟角α",
    "defense": [
      64,-3,-2,4,-2,2
    ],
    "skill": {
      "跑者":2,
      "精靈加護":1
    },
    "material":{
      "麒麟的上皮": 3,
      "麒麟的蒼角": 1,
      "貓蜥龍的上鱗": 2,
      "電擊袋":4
    },
    "caseSkill": "幻獸的恩寵"
  },
  {
    "type":"腰部防具",
    "name":"某種防具",
    "defense": [
      64,-3,-2,4,-2,2
    ],
    "skill": {
      "我只有一個技能":2
    },
    "material":{
      "某種的上皮": 3,
      "某種的角": 1,
      "某種的上鱗": 2,
      "某某某":4
    },
    "caseSkill":""
  }
]