﻿[{"﻿name": "火炎珠", "describe": "火屬性攻擊強化", "level": 1}, {"﻿name": "流水珠", "describe": "水屬性攻擊強化", "level": 1}, {"﻿name": "雷光珠", "describe": "雷屬性攻擊強化", "level": 1}, {"﻿name": "氷結珠", "describe": "冰屬性攻擊強化", "level": 1}, {"﻿name": "破龍珠", "describe": "龍屬性攻擊強化", "level": 1}, {"﻿name": "毒珠", "describe": "毒屬性強化", "level": 1}, {"﻿name": "超心珠", "describe": "超會心", "level": 2}, {"﻿name": "無撃珠", "describe": "無屬性強化", "level": 2}, {"﻿name": "砲手珠", "describe": "砲擊手", "level": 1}, {"﻿name": "攻撃珠", "describe": "攻擊", "level": 1}, {"﻿name": "匠珠", "describe": "匠", "level": 3}, {"﻿name": "強弓珠", "describe": "解放弓的蓄力階段", "level": 2}, {"﻿name": "解放珠", "describe": "屬性解放／裝填擴充", "level": 3}, {"﻿name": "渾身珠", "describe": "精神抖擻", "level": 2}, {"﻿name": "抜刀珠", "describe": "拔刀術【技】", "level": 2}, {"﻿name": "砲術珠", "describe": "砲術", "level": 1}, {"﻿name": "心眼珠", "describe": "心眼／彈導強化", "level": 2}, {"﻿name": "龍封珠", "describe": "龍封力強化", "level": 3}, {"﻿name": "痛撃珠", "describe": "弱點特效", "level": 2}, {"﻿name": "短縮珠", "describe": "集中", "level": 2}, {"﻿name": "達人珠", "describe": "看破", "level": 1}, {"﻿name": "全開珠", "describe": "力量解放", "level": 2}, {"﻿name": "飛燕珠", "describe": "飛燕", "level": 2}, {"﻿name": "逆境珠", "describe": "不屈", "level": 1}, {"﻿name": "耐麻珠", "describe": "麻痺耐性", "level": 1}, {"﻿name": "耐絶珠", "describe": "昏厥耐性", "level": 1}, {"﻿name": "耐爆珠", "describe": "爆破異常狀態的耐性", "level": 1}, {"﻿name": "耐防珠", "describe": "防御力DOWN耐性", "level": 1}, {"﻿name": "耐火珠", "describe": "火耐性", "level": 1}, {"﻿name": "耐水珠", "describe": "水耐性", "level": 1}, {"﻿name": "耐氷珠", "describe": "冰耐性", "level": 1}, {"﻿name": "耐龍珠", "describe": "龍耐性", "level": 1}, {"﻿name": "耐瘴珠", "describe": "瘴氣耐性", "level": 1}, {"﻿name": "耐属珠", "describe": "屬性異常狀態耐性", "level": 1}, {"﻿name": "防音珠", "describe": "耳塞", "level": 3}, {"﻿name": "耐衝珠", "describe": "減輕膽怯", "level": 3}, {"﻿name": "防風珠", "describe": "風壓耐性", "level": 2}, {"﻿name": "強壁珠", "describe": "防禦強化", "level": 2}, {"﻿name": "加護珠", "describe": "精靈加護", "level": 1}, {"﻿name": "体力珠", "describe": "體力增強", "level": 1}, {"﻿name": "早復珠", "describe": "回復速度", "level": 1}, {"﻿name": "治癒珠", "describe": "體力回復量UP", "level": 1}, {"﻿name": "窮地珠(絕路珠)", "describe": "死裡逃生", "level": 1}, {"﻿name": "体術珠", "describe": "體術", "level": 2}, {"﻿name": "奪気珠", "describe": "奪取耐力", "level": 1}, {"﻿name": "投石珠", "describe": "投射器裝填數UP", "level": 1}, {"﻿name": "整備珠", "describe": "整備", "level": 1}, {"﻿name": "速納珠", "describe": "收刀術", "level": 1}, {"﻿name": "剛刃珠", "describe": "剛刃研磨", "level": 2}, {"﻿name": "威嚇珠", "describe": "威嚇", "level": 1}, {"﻿name": "友愛珠", "describe": "廣域化", "level": 1}, {"﻿name": "鼓笛珠", "describe": "吹笛名人", "level": 1}, {"﻿name": "潜伏珠", "describe": "潛伏", "level": 1}, {"﻿name": "標本珠", "describe": "昆蟲標本靖人", "level": 1}, {"﻿name": "毒瓶珠", "describe": "毒瓶追加", "level": 3}, {"﻿name": "痺瓶珠", "describe": "麻痺瓶追加", "level": 3}, {"﻿name": "眠瓶珠", "describe": "睡眠瓶追加", "level": 3}, {"﻿name": "爆瓶珠", "describe": "爆破瓶追加", "level": 3}, {"﻿name": "采配珠", "describe": "指示隨從", "level": 1}]